POS,Rank,Simplified,Traditional,Pinyin,English,HSK
noun,1,人,人,rén,person / people,1
noun,2,我,我,wǒ,I / me,1
noun,3,你,你,nǐ,you,1
noun,4,他,他,tā,he / him,1
noun,5,她,她,tā,she / her,1
noun,6,爸爸,爸爸,bàba,father / dad,1
noun,7,妈妈,媽媽,māma,mother / mom,1
noun,8,儿子,兒子,érzi,son,1
noun,9,女儿,女兒,nǚ'ér,daughter,1
noun,10,老师,老師,lǎoshī,teacher,1
noun,11,学生,學生,xuéshēng,student,1
noun,12,同学,同學,tóngxué,classmate,1
noun,13,朋友,朋友,péngyǒu,friend,1
noun,14,先生,先生,xiānsheng,Mr. / sir,1
noun,15,小姐,小姐,xiǎojiě,Miss / young lady,1
noun,16,医生,醫生,yīshēng,doctor,1
noun,17,家,家,jiā,home / family,1
noun,18,学校,學校,xuéxiào,school,1
noun,19,中国,中國,Zhōngguó,China,1
noun,20,北京,北京,Běijīng,Beijing,1
noun,21,电视,電視,diànshì,television,1
noun,22,电脑,電腦,diànnǎo,computer,1
noun,23,电话,電話,diànhuà,telephone,1
noun,24,手机,手機,shǒujī,cell phone,1
noun,25,书,書,shū,book,1
noun,26,桌子,桌子,zhuōzi,table / desk,1
noun,27,椅子,椅子,yǐzi,chair,1
noun,28,水,水,shuǐ,water,1
noun,29,茶,茶,chá,tea,1
noun,30,米饭,米飯,mǐfàn,cooked rice,1
noun,31,菜,菜,cài,dish / vegetable,1
noun,32,苹果,蘋果,píngguǒ,apple,1
noun,33,水果,水果,shuǐguǒ,fruit,1
noun,34,狗,狗,gǒu,dog,1
noun,35,猫,貓,māo,cat,1
noun,36,车,車,chē,car / vehicle,1
noun,37,出租车,出租車,chūzūchē,taxi,1
noun,38,飞机,飛機,fēijī,airplane,1
noun,39,字,字,zì,character / word,1
noun,40,汉语,漢語,Hànyǔ,Chinese language,1
noun,41,名字,名字,míngzì,name,1
noun,42,年,年,nián,year,1
noun,43,月,月,yuè,month / moon,1
noun,44,日,日,rì,day / sun,1
noun,45,星期,星期,xīngqī,week,1
noun,46,今天,今天,jīntiān,today,1
noun,47,明天,明天,míngtiān,tomorrow,1
noun,48,昨天,昨天,zuótiān,yesterday,1
noun,49,现在,現在,xiànzài,now,1
noun,50,上午,上午,shàngwǔ,morning (AM),1
noun,51,下午,下午,xiàwǔ,afternoon,2
noun,52,晚上,晚上,wǎnshang,evening / night,2
noun,53,时候,時候,shíhou,time / moment,2
noun,54,小时,小時,xiǎoshí,hour,2
noun,55,分钟,分鐘,fēnzhōng,minute,2
noun,56,生日,生日,shēngrì,birthday,2
noun,57,哥哥,哥哥,gēge,older brother,2
noun,58,姐姐,姐姐,jiějie,older sister,2
noun,59,弟弟,弟弟,dìdi,younger brother,2
noun,60,妹妹,妹妹,mèimei,younger sister,2
noun,61,孩子,孩子,háizi,child,2
noun,62,男人,男人,nánrén,man,2
noun,63,女人,女人,nǚrén,woman,2
noun,64,男孩,男孩,nánhái,boy,2
noun,65,女孩,女孩,nǚhái,girl,2
noun,66,公司,公司,gōngsī,company,2
noun,67,工作,工作,gōngzuò,work / job,2
noun,68,教室,教室,jiàoshì,classroom,2
noun,69,房间,房間,fángjiān,room,2
noun,70,门,門,mén,door / gate,2
noun,71,路,路,lù,road / way,2
noun,72,公共汽车,公共汽車,gōnggòng qìchē,bus,2
noun,73,火车,火車,huǒchē,train,2
noun,74,船,船,chuán,boat / ship,2
noun,75,自行车,自行車,zìxíngchē,bicycle,2
noun,76,宾馆,賓館,bīnguǎn,hotel,2
noun,77,饭店,飯店,fàndiàn,restaurant / hotel,2
noun,78,医院,醫院,yīyuàn,hospital,2
noun,79,商店,商店,shāngdiàn,shop / store,2
noun,80,机场,機場,jīchǎng,airport,2
noun,81,火车站,火車站,huǒchēzhàn,train station,2
noun,82,公园,公園,gōngyuán,park,2
noun,83,眼睛,眼睛,yǎnjing,eye,2
noun,84,鼻子,鼻子,bízi,nose,2
noun,85,嘴,嘴,zuǐ,mouth,2
noun,86,耳朵,耳朵,ěrduo,ear,2
noun,87,手,手,shǒu,hand,2
noun,88,身体,身體,shēntǐ,body,2
noun,89,头发,頭髮,tóufa,hair (on head),2
noun,90,衣服,衣服,yīfu,clothes,2
noun,91,面包,麵包,miànbāo,bread,2
noun,92,鸡蛋,雞蛋,jīdàn,chicken egg,2
noun,93,牛奶,牛奶,niúnǎi,milk,2
noun,94,咖啡,咖啡,kāfēi,coffee,2
noun,95,鱼,魚,yú,fish,2
noun,96,羊肉,羊肉,yángròu,mutton / lamb,2
noun,97,牛肉,牛肉,niúròu,beef,2
noun,98,鸡肉,雞肉,jīròu,chicken (meat),2
noun,99,西瓜,西瓜,xīguā,watermelon,2
noun,100,钱,錢,qián,money,2
noun,101,报纸,報紙,bàozhǐ,newspaper,2
noun,102,题,題,tí,topic / question,2
noun,103,问题,問題,wèntí,question / problem,2
noun,104,事情,事情,shìqíng,matter / affair,2
noun,105,东西,東西,dōngxi,thing / object,2
noun,106,礼物,禮物,lǐwù,gift / present,2
noun,107,票,票,piào,ticket,2
noun,108,信,信,xìn,letter,2
noun,109,方便面,方便麵,fāngbiànmiàn,instant noodles,2
noun,110,菜单,菜單,càidān,menu,3
noun,111,音乐,音樂,yīnyuè,music,3
noun,112,电影,電影,diànyǐng,movie / film,3
noun,113,节目,節目,jiémù,program (TV),3
noun,114,故事,故事,gùshi,story,3
noun,115,新闻,新聞,xīnwén,news,3
noun,116,世界,世界,shìjiè,world,3
noun,117,国家,國家,guójiā,country / state,3
noun,118,城市,城市,chéngshì,city,3
noun,119,地方,地方,dìfang,place / area,3
noun,120,地图,地圖,dìtú,map,3
noun,121,河,河,hé,river,3
noun,122,山,山,shān,mountain,3
noun,123,太阳,太陽,tàiyáng,sun,3
noun,124,月亮,月亮,yuèliang,moon,3
noun,125,天气,天氣,tiānqì,weather,3
noun,126,雨,雨,yǔ,rain,3
noun,127,雪,雪,xuě,snow,3
noun,128,风,風,fēng,wind,3
noun,129,花,花,huā,flower,3
noun,130,草,草,cǎo,grass,3
noun,131,树,樹,shù,tree,3
noun,132,鸟,鳥,niǎo,bird,3
noun,133,马,馬,mǎ,horse,3
noun,134,熊猫,熊貓,xióngmāo,panda,3
noun,135,动物,動物,dòngwù,animal,3
noun,136,植物,植物,zhíwù,plant,3
noun,137,颜色,顏色,yánsè,color,3
noun,138,声音,聲音,shēngyīn,sound / voice,3
noun,139,句子,句子,jùzi,sentence,3
noun,140,语法,語法,yǔfǎ,grammar,3
noun,141,词语,詞語,cíyǔ,word / phrase,3
noun,142,意思,意思,yìsi,meaning,3
noun,143,成绩,成績,chéngjì,grade / result,3
noun,144,考试,考試,kǎoshì,exam / test,3
noun,145,作业,作業,zuòyè,homework,3
noun,146,练习,練習,liànxí,practice / exercise,3
noun,147,笔记,筆記,bǐjì,notes,3
noun,148,笔,筆,bǐ,pen / brush,3
noun,149,铅笔,鉛筆,qiānbǐ,pencil,3
noun,150,黑板,黑板,hēibǎn,blackboard,3
noun,151,图书馆,圖書館,túshūguǎn,library,3
noun,152,字典,字典,zìdiǎn,dictionary,3
noun,153,邮局,郵局,yóujú,post office,3
noun,154,银行,銀行,yínháng,bank,3
noun,155,洗手间,洗手間,xǐshǒujiān,restroom,3
noun,156,厨房,廚房,chúfáng,kitchen,3
noun,157,卧室,臥室,wòshì,bedroom,3
noun,158,客厅,客廳,kètīng,living room,3
noun,159,楼,樓,lóu,building / floor,3
noun,160,电梯,電梯,diàntī,elevator,3
noun,161,窗户,窗戶,chuānghu,window,3
noun,162,床,床,chuáng,bed,3
noun,163,盘子,盤子,pánzi,plate / dish,3
noun,164,碗,碗,wǎn,bowl,3
noun,165,筷子,筷子,kuàizi,chopsticks,3
noun,166,勺子,勺子,sháozi,spoon,3
noun,167,刀,刀,dāo,knife,3
noun,168,杯子,杯子,bēizi,cup / glass,3
noun,169,瓶子,瓶子,píngzi,bottle,3
noun,170,箱子,箱子,xiāngzi,box / case,3
noun,171,行李箱,行李箱,xínglixiāng,suitcase,3
noun,172,包,包,bāo,bag / package,3
noun,173,护照,護照,hùzhào,passport,3
noun,174,信用卡,信用卡,xìnyòngkǎ,credit card,3
noun,175,电子邮件,電子郵件,diànzǐ yóujiàn,email,3
noun,176,网站,網站,wǎngzhàn,website,3
noun,177,互联网,互聯網,hùliánwǎng,internet,3
noun,178,网络,網絡,wǎngluò,network,3
noun,179,信息,信息,xìnxī,information,3
noun,180,消息,消息,xiāoxi,news / message,3
noun,181,会议,會議,huìyì,meeting / conference,3
noun,182,办公室,辦公室,bàngōngshì,office,3
noun,183,经理,經理,jīnglǐ,manager,3
noun,184,同事,同事,tóngshì,colleague,3
noun,185,客人,客人,kèrén,guest / customer,3
noun,186,服务员,服務員,fúwùyuán,waiter / attendant,3
noun,187,警察,警察,jǐngchá,police officer,3
noun,188,护士,護士,hùshi,nurse,3
noun,189,司机,司機,sījī,driver,3
noun,190,演员,演員,yǎnyuán,actor,3
noun,191,邻居,鄰居,línjū,neighbor,3
noun,192,阿姨,阿姨,āyí,aunt / auntie,3
noun,193,叔叔,叔叔,shūshu,uncle (father's younger brother),3
noun,194,爷爷,爺爺,yéye,grandfather (paternal),3
noun,195,奶奶,奶奶,nǎinai,grandmother (paternal),3
noun,196,父亲,父親,fùqīn,father (formal),3
noun,197,母亲,母親,mǔqīn,mother (formal),3
noun,198,丈夫,丈夫,zhàngfu,husband,3
noun,199,妻子,妻子,qīzi,wife,3
noun,200,爱人,愛人,àirén,spouse / lover,3
noun,201,感觉,感覺,gǎnjué,feeling,3
noun,202,心情,心情,xīnqíng,mood / feeling,3
noun,203,兴趣,興趣,xìngqù,interest,3
noun,204,爱好,愛好,àihào,hobby,3
noun,205,梦,夢,mèng,dream,3
noun,206,想法,想法,xiǎngfa,idea / thought,3
noun,207,办法,辦法,bànfǎ,method / way,3
noun,208,方法,方法,fāngfǎ,method,3
noun,209,原因,原因,yuányīn,reason / cause,3
noun,210,结果,結果,jiéguǒ,result,3
noun,211,机会,機會,jīhuì,opportunity,3
noun,212,希望,希望,xīwàng,hope,3
noun,213,计划,計劃,jìhuà,plan,3
noun,214,目的,目的,mùdì,purpose / aim,3
noun,215,经验,經驗,jīngyàn,experience,3
noun,216,水平,水平,shuǐpíng,level / standard,3
noun,217,能力,能力,nénglì,ability,3
noun,218,关系,關係,guānxì,relationship / connection,3
noun,219,影响,影響,yǐngxiǎng,influence / effect,4
noun,220,规定,規定,guīdìng,rule / regulation,4
noun,221,要求,要求,yāoqiú,requirement / demand,4
noun,222,条件,條件,tiáojiàn,condition,4
noun,223,标准,標準,biāozhǔn,standard / criterion,4
noun,224,质量,質量,zhìliàng,quality,4
noun,225,数量,數量,shùliàng,quantity,4
noun,226,价格,價格,jiàgé,price,4
noun,227,市场,市場,shìchǎng,market,4
noun,228,经济,經濟,jīngjì,economy,4
noun,229,生意,生意,shēngyi,business,4
noun,230,生活,生活,shēnghuó,life / living,3
noun,231,环境,環境,huánjìng,environment,4
noun,232,空气,空氣,kōngqì,air,4
noun,233,污染,污染,wūrǎn,pollution,4
noun,234,垃圾,垃圾,lājī,garbage / trash,4
noun,235,塑料,塑料,sùliào,plastic,5
noun,236,玻璃,玻璃,bōli,glass,4
noun,237,木头,木頭,mùtou,wood,4
noun,238,石头,石頭,shítou,stone,4
noun,239,铁,鐵,tiě,iron,5
noun,240,金,金,jīn,gold / metal,4
noun,241,银,銀,yín,silver,5
noun,242,布,布,bù,cloth / fabric,4
noun,243,纸,紙,zhǐ,paper,4
noun,244,烟,煙,yān,smoke / cigarette,4
noun,245,火,火,huǒ,fire,3
noun,246,光,光,guāng,light,4
noun,247,影子,影子,yǐngzi,shadow,4
noun,248,空间,空間,kōngjiān,space / room,4
noun,249,距离,距離,jùlí,distance,4
noun,250,方向,方向,fāngxiàng,direction,4
noun,251,北方,北方,běifāng,north,4
noun,252,南方,南方,nánfāng,south,4
noun,253,东方,東方,dōngfāng,east,4
noun,254,西方,西方,xīfāng,west,4
noun,255,中间,中間,zhōngjiān,middle,4
noun,256,旁边,旁邊,pángbiān,side / next to,3
noun,257,前面,前面,qiánmiàn,front / ahead,2
noun,258,后面,後面,hòumiàn,back / behind,2
noun,259,上面,上面,shàngmiàn,top / above,2
noun,260,下面,下面,xiàmiàn,bottom / below,2
noun,261,里面,裡面,lǐmiàn,inside,2
noun,262,外面,外面,wàimiàn,outside,3
noun,263,左边,左邊,zuǒbiān,left side,2
noun,264,右边,右邊,yòubiān,right side,2
noun,265,对面,對面,duìmiàn,opposite side,4
noun,266,附近,附近,fùjìn,vicinity / nearby,3
noun,267,周围,周圍,zhōuwéi,surroundings,4
noun,268,邮件,郵件,yóujiàn,mail / post,4
noun,269,包裹,包裹,bāoguǒ,package,5
noun,270,礼物,禮物,lǐwù,gift,3
noun,271,红包,紅包,hóngbāo,red envelope (money gift),5
noun,272,春节,春節,Chūnjié,Spring Festival,4
noun,273,中秋节,中秋節,Zhōngqiūjié,Mid-Autumn Festival,4
noun,274,端午节,端午節,Duānwǔjié,Dragon Boat Festival,5
noun,275,国庆节,國慶節,Guóqìngjié,National Day,5
noun,276,元旦,元旦,Yuándàn,New Year's Day,5
noun,277,圣诞节,聖誕節,Shèngdànjié,Christmas,5
noun,278,假期,假期,jiàqī,vacation / holiday,4
noun,279,周末,週末,zhōumò,weekend,3
noun,280,时间,時間,shíjiān,time,2
noun,281,日期,日期,rìqī,date,4
noun,282,过去,過去,guòqù,past,4
noun,283,未来,未來,wèilái,future,4
noun,284,童年,童年,tóngnián,childhood,5
noun,285,青年,青年,qīngnián,youth (age),5
noun,286,中年,中年,zhōngnián,middle age,5
noun,287,老年,老年,lǎonián,old age,5
noun,288,年龄,年齡,niánlíng,age,4
noun,289,性别,性別,xìngbié,gender,5
noun,290,民族,民族,mínzú,ethnic group / nation,5
noun,291,文化,文化,wénhuà,culture,4
noun,292,历史,歷史,lìshǐ,history,4
noun,293,传统,傳統,chuántǒng,tradition,5
noun,294,艺术,藝術,yìshù,art,4
noun,295,文学,文學,wénxué,literature,5
noun,296,小说,小說,xiǎoshuō,novel,4
noun,297,诗,詩,shī,poem / poetry,5
noun,298,画,畫,huà,picture / painting,3
noun,299,照片,照片,zhàopiàn,photograph,3
noun,300,相机,相機,xiàngjī,camera,4
noun,301,镜子,鏡子,jìngzi,mirror,4
noun,302,眼镜,眼鏡,yǎnjìng,glasses / spectacles,3
noun,303,帽子,帽子,màozi,hat / cap,3
noun,304,鞋,鞋,xié,shoes,3
noun,305,袜子,襪子,wàzi,socks,4
noun,306,裤子,褲子,kùzi,pants / trousers,3
noun,307,裙子,裙子,qúnzi,skirt,3
noun,308,衬衫,襯衫,chènshān,shirt,3
noun,309,外套,外套,wàitào,coat / jacket,3
noun,310,毛衣,毛衣,máoyī,sweater,4
noun,311,手表,手錶,shǒubiǎo,wristwatch,3
noun,312,钟,鐘,zhōng,clock,3
noun,313,戒指,戒指,jièzhi,ring (finger),5
noun,314,项链,項鏈,xiàngliàn,necklace,5
noun,315,耳环,耳環,ěrhuán,earring,5
noun,316,钱包,錢包,qiánbāo,wallet,4
noun,317,钥匙,鑰匙,yàoshi,key,4
noun,318,锁,鎖,suǒ,lock,5
noun,319,垃圾桶,垃圾桶,lājītǒng,trash can,5
noun,320,空调,空調,kōngtiáo,air conditioner,4
noun,321,冰箱,冰箱,bīngxiāng,refrigerator,4
noun,322,洗衣机,洗衣機,xǐyījī,washing machine,4
noun,323,微波炉,微波爐,wēibōlú,microwave oven,5
noun,324,烤箱,烤箱,kǎoxiāng,oven,5
noun,325,灯,燈,dēng,lamp / light,3
noun,326,沙发,沙發,shāfā,sofa / couch,4
noun,327,地毯,地毯,dìtǎn,carpet / rug,5
noun,328,窗帘,窗簾,chuānglián,curtain,5
noun,329,楼梯,樓梯,lóutī,staircase,5
noun,330,阳台,陽台,yángtái,balcony,5
noun,331,花园,花園,huāyuán,garden,5
noun,332,院子,院子,yuànzi,courtyard / yard,5
noun,333,农村,農村,nóngcūn,countryside / village,5
noun,334,城镇,城鎮,chéngzhèn,town,6
noun,335,省,省,shěng,province,4
noun,336,首都,首都,shǒudū,capital city,5
noun,337,政府,政府,zhèngfǔ,government,5
noun,338,总统,總統,zǒngtǒng,president,5
noun,339,总理,總理,zǒnglǐ,premier / prime minister,5
noun,340,领导,領導,lǐngdǎo,leader / leadership,5
noun,341,政治,政治,zhèngzhì,politics,5
noun,342,法律,法律,fǎlǜ,law,5
noun,343,律师,律師,lǜshī,lawyer,5
noun,344,法院,法院,fǎyuàn,court of law,5
noun,345,军队,軍隊,jūnduì,army / military,5
noun,346,士兵,士兵,shìbīng,soldier,5
noun,347,战争,戰爭,zhànzhēng,war,5
noun,348,和平,和平,hépíng,peace,5
noun,349,宗教,宗教,zōngjiào,religion,5
noun,350,信仰,信仰,xìnyǎng,faith / belief,5
noun,351,哲学,哲學,zhéxué,philosophy,5
noun,352,科学,科學,kēxué,science,4
noun,353,科学家,科學家,kēxuéjiā,scientist,5
noun,354,数学,數學,shùxué,mathematics,3
noun,355,物理,物理,wùlǐ,physics,5
noun,356,化学,化學,huàxué,chemistry,5
noun,357,生物,生物,shēngwù,biology,5
noun,358,技术,技術,jìshù,technology,4
noun,359,工程师,工程師,gōngchéngshī,engineer,5
noun,360,软件,軟件,ruǎnjiàn,software,5
noun,361,硬件,硬件,yìngjiàn,hardware,6
noun,362,程序,程序,chéngxù,program / procedure,5
noun,363,数据,數據,shùjù,data,5
noun,364,系统,系統,xìtǒng,system,5
noun,365,机器,機器,jīqì,machine,5
noun,366,机器人,機器人,jīqìrén,robot,5
noun,367,工具,工具,gōngjù,tool,5
noun,368,材料,材料,cáiliào,material,4
noun,369,能源,能源,néngyuán,energy source,5
noun,370,电,電,diàn,electricity,3
noun,371,石油,石油,shíyóu,petroleum,5
noun,372,天然气,天然氣,tiānránqì,natural gas,6
noun,373,农业,農業,nóngyè,agriculture,5
noun,374,工业,工業,gōngyè,industry,5
noun,375,商业,商業,shāngyè,commerce / business,5
noun,376,服务,服務,fúwù,service,4
noun,377,产品,產品,chǎnpǐn,product,4
noun,378,商品,商品,shāngpǐn,goods / commodity,5
noun,379,广告,廣告,guǎnggào,advertisement,4
noun,380,品牌,品牌,pǐnpái,brand,5
noun,381,质检,質檢,zhìjiǎn,quality check,6
noun,382,工厂,工廠,gōngchǎng,factory,5
noun,383,工人,工人,gōngrén,worker,5
noun,384,农民,農民,nóngmín,farmer / peasant,5
noun,385,职业,職業,zhíyè,profession / occupation,5
noun,386,职员,職員,zhíyuán,staff / employee,5
noun,387,行业,行業,hángyè,industry / trade,5
noun,388,行动,行動,xíngdòng,action / operation,5
noun,389,活动,活動,huódòng,activity / event,4
noun,390,运动,運動,yùndòng,sports / exercise,2
noun,391,比赛,比賽,bǐsài,competition / match,3
noun,392,球,球,qiú,ball,3
noun,393,足球,足球,zúqiú,soccer / football,3
noun,394,篮球,籃球,lánqiú,basketball,3
noun,395,网球,網球,wǎngqiú,tennis,5
noun,396,乒乓球,乒乓球,pīngpāngqiú,table tennis,4
noun,397,游泳,游泳,yóuyǒng,swimming,3
noun,398,跑步,跑步,pǎobù,running / jogging,3
noun,399,健身,健身,jiànshēn,fitness / working out,5
noun,400,健康,健康,jiànkāng,health,3
noun,401,病,病,bìng,illness,3
noun,402,感冒,感冒,gǎnmào,cold (illness),3
noun,403,发烧,發燒,fāshāo,fever,3
noun,404,头疼,頭疼,tóuténg,headache,4
noun,405,肚子疼,肚子疼,dùzi téng,stomachache,4
noun,406,药,藥,yào,medicine / drug,2
noun,407,血,血,xuè,blood,4
noun,408,骨头,骨頭,gǔtou,bone,4
noun,409,心,心,xīn,heart / mind,3
noun,410,脑,腦,nǎo,brain,5
noun,411,肺,肺,fèi,lung,6
noun,412,胃,胃,wèi,stomach,5
noun,413,肝,肝,gān,liver,6
noun,414,皮肤,皮膚,pífū,skin,5
noun,415,肌肉,肌肉,jīròu,muscle,6
noun,416,腿,腿,tuǐ,leg,3
noun,417,脚,腳,jiǎo,foot,3
noun,418,肩膀,肩膀,jiānbǎng,shoulder,4
noun,419,脖子,脖子,bózi,neck,4
noun,420,胳膊,胳膊,gēbo,arm,4
noun,421,肚子,肚子,dùzi,belly,4
noun,422,背,背,bèi,back,5
noun,423,腰,腰,yāo,waist,5
noun,424,牙,牙,yá,tooth,4
noun,425,嘴唇,嘴唇,zuǐchún,lips,5
noun,426,舌头,舌頭,shétou,tongue,6
noun,427,动作,動作,dòngzuò,movement / action,5
noun,428,表情,表情,biǎoqíng,facial expression,5
noun,429,态度,態度,tàidu,attitude,4
noun,430,性格,性格,xìnggé,personality,4
noun,431,印象,印象,yìnxiàng,impression,4
noun,432,信心,信心,xìnxīn,confidence,4
noun,433,勇气,勇氣,yǒngqì,courage,5
noun,434,耐心,耐心,nàixīn,patience,4
noun,435,智慧,智慧,zhìhuì,wisdom,5
noun,436,知识,知識,zhīshi,knowledge,4
noun,437,能量,能量,néngliàng,energy,5
noun,438,力量,力量,lìliàng,power / strength,5
noun,439,精神,精神,jīngshén,spirit / mind,4
noun,440,灵魂,靈魂,línghún,soul,6
noun,441,感情,感情,gǎnqíng,emotion / affection,4
noun,442,爱情,愛情,àiqíng,romantic love,4
noun,443,友谊,友誼,yǒuyì,friendship,5
noun,444,婚礼,婚禮,hūnlǐ,wedding,5
noun,445,葬礼,葬禮,zànglǐ,funeral,6
noun,446,典礼,典禮,diǎnlǐ,ceremony,6
noun,447,仪式,儀式,yíshì,ritual,6
noun,448,节日,節日,jiérì,festival / holiday,3
noun,449,聚会,聚會,jùhuì,gathering / party,4
noun,450,宴会,宴會,yànhuì,banquet,6
noun,451,演出,演出,yǎnchū,performance,5
noun,452,演讲,演講,yǎnjiǎng,speech / lecture,5
noun,453,展览,展覽,zhǎnlǎn,exhibition,5
noun,454,博物馆,博物館,bówùguǎn,museum,3
noun,455,剧场,劇場,jùchǎng,theater,6
noun,456,戏剧,戲劇,xìjù,drama,6
noun,457,歌曲,歌曲,gēqǔ,song,5
noun,458,歌手,歌手,gēshǒu,singer,5
noun,459,乐队,樂隊,yuèduì,band,6
noun,460,乐器,樂器,yuèqì,musical instrument,6
noun,461,钢琴,鋼琴,gāngqín,piano,4
noun,462,吉他,吉他,jítā,guitar,5
noun,463,鼓,鼓,gǔ,drum,6
noun,464,小提琴,小提琴,xiǎotíqín,violin,6
noun,465,舞蹈,舞蹈,wǔdǎo,dance,5
noun,466,画家,畫家,huàjiā,painter,5
noun,467,作家,作家,zuòjiā,writer / author,5
noun,468,记者,記者,jìzhě,reporter / journalist,4
noun,469,导游,導遊,dǎoyóu,tour guide,4
noun,470,旅行,旅行,lǚxíng,travel / trip,3
noun,471,旅游,旅遊,lǚyóu,tourism,3
noun,472,游客,遊客,yóukè,tourist / visitor,5
noun,473,风景,風景,fēngjǐng,scenery,4
noun,474,景点,景點,jǐngdiǎn,scenic spot,5
noun,475,湖,湖,hú,lake,4
noun,476,海,海,hǎi,sea,3
noun,477,岛,島,dǎo,island,4
noun,478,海滩,海灘,hǎitān,beach,5
noun,479,森林,森林,sēnlín,forest,4
noun,480,沙漠,沙漠,shāmò,desert,5
noun,481,平原,平原,píngyuán,plain (topography),6
noun,482,大自然,大自然,dàzìrán,nature (Mother),5
noun,483,污水,污水,wūshuǐ,sewage / wastewater,6
noun,484,湿度,濕度,shīdù,humidity,6
noun,485,温度,溫度,wēndù,temperature,4
noun,486,气温,氣溫,qìwēn,air temperature,5
noun,487,季节,季節,jìjié,season,4
noun,488,春天,春天,chūntiān,spring (season),2
noun,489,夏天,夏天,xiàtiān,summer,2
noun,490,秋天,秋天,qiūtiān,autumn / fall,2
noun,491,冬天,冬天,dōngtiān,winter,2
noun,492,云,雲,yún,cloud,4
noun,493,彩虹,彩虹,cǎihóng,rainbow,6
noun,494,闪电,閃電,shǎndiàn,lightning,6
noun,495,雷,雷,léi,thunder,6
noun,496,暴风雨,暴風雨,bàofēngyǔ,storm,6
noun,497,台风,颱風,táifēng,typhoon,6
noun,498,地震,地震,dìzhèn,earthquake,6
noun,499,洪水,洪水,hóngshuǐ,flood,6
noun,500,危险,危險,wēixiǎn,danger,4
verb,1,是,是,shì,to be,1
verb,2,有,有,yǒu,to have / there is,1
verb,3,没有,沒有,méiyǒu,to not have,1
verb,4,在,在,zài,to be at / located,1
verb,5,去,去,qù,to go,1
verb,6,来,來,lái,to come,1
verb,7,说,說,shuō,to speak / say,1
verb,8,说话,說話,shuōhuà,to talk,1
verb,9,看,看,kàn,to look at / watch,1
verb,10,听,聽,tīng,to listen / hear,1
verb,11,读,讀,dú,to read,1
verb,12,写,寫,xiě,to write,1
verb,13,学,學,xué,to study,1
verb,14,学习,學習,xuéxí,to study / learn,1
verb,15,教,教,jiāo,to teach,1
verb,16,认识,認識,rènshi,to know (someone),1
verb,17,知道,知道,zhīdào,to know (a fact),1
verb,18,想,想,xiǎng,to want / think,1
verb,19,要,要,yào,to want / need,1
verb,20,喜欢,喜歡,xǐhuan,to like,1
verb,21,爱,愛,ài,to love,1
verb,22,吃,吃,chī,to eat,1
verb,23,喝,喝,hē,to drink,1
verb,24,买,買,mǎi,to buy,1
verb,25,卖,賣,mài,to sell,2
verb,26,做,做,zuò,to do / make,1
verb,27,干,幹,gàn,to do (colloquial),3
verb,28,坐,坐,zuò,to sit,1
verb,29,站,站,zhàn,to stand,3
verb,30,走,走,zǒu,to walk / leave,1
verb,31,跑,跑,pǎo,to run,2
verb,32,开,開,kāi,to open / start,1
verb,33,关,關,guān,to close / turn off,3
verb,34,给,給,gěi,to give,1
verb,35,拿,拿,ná,to take / hold,3
verb,36,找,找,zhǎo,to look for,2
verb,37,等,等,děng,to wait,2
verb,38,玩,玩,wán,to play,2
verb,39,笑,笑,xiào,to laugh / smile,2
verb,40,哭,哭,kū,to cry,3
verb,41,唱,唱,chàng,to sing,2
verb,42,跳,跳,tiào,to jump / dance,2
verb,43,睡,睡,shuì,to sleep,1
verb,44,睡觉,睡覺,shuìjiào,to sleep / go to bed,1
verb,45,起,起,qǐ,to rise / get up,2
verb,46,起床,起床,qǐchuáng,to get out of bed,2
verb,47,回,回,huí,to return / go back,1
verb,48,回来,回來,huílái,to come back,2
verb,49,回去,回去,huíqù,to go back,2
verb,50,到,到,dào,to arrive / reach,2
verb,51,穿,穿,chuān,to wear / put on,2
verb,52,脱,脫,tuō,to take off (clothes),4
verb,53,洗,洗,xǐ,to wash,2
verb,54,刷,刷,shuā,to brush,4
verb,55,说话,說話,shuōhuà,to speak,1
verb,56,告诉,告訴,gàosù,to tell,2
verb,57,问,問,wèn,to ask,2
verb,58,回答,回答,huídá,to answer / reply,2
verb,59,解释,解釋,jiěshì,to explain,4
verb,60,懂,懂,dǒng,to understand,2
verb,61,明白,明白,míngbái,to understand,3
verb,62,忘,忘,wàng,to forget,3
verb,63,记,記,jì,to remember / record,3
verb,64,记得,記得,jìde,to remember,3
verb,65,认为,認為,rènwéi,to think / consider,3
verb,66,觉得,覺得,juéde,to feel / think,2
verb,67,需要,需要,xūyào,to need,3
verb,68,希望,希望,xīwàng,to hope,3
verb,69,决定,決定,juédìng,to decide,3
verb,70,选择,選擇,xuǎnzé,to choose,4
verb,71,参加,參加,cānjiā,to participate / join,3
verb,72,帮忙,幫忙,bāngmáng,to help,3
verb,73,帮助,幫助,bāngzhù,to help,2
verb,74,介绍,介紹,jièshào,to introduce,2
verb,75,见,見,jiàn,to see / meet,2
verb,76,见面,見面,jiànmiàn,to meet / see,3
verb,77,离开,離開,líkāi,to leave / depart,3
verb,78,送,送,sòng,to send / see off / give,2
verb,79,寄,寄,jì,to mail / send,5
verb,80,发,發,fā,to send out / issue,3
verb,81,收,收,shōu,to receive,4
verb,82,接,接,jiē,to receive / connect / pick up,3
verb,83,放,放,fàng,to put / release,3
verb,84,挂,掛,guà,to hang,5
verb,85,摆,擺,bǎi,to place / arrange,5
verb,86,换,換,huàn,to change / exchange,3
verb,87,借,借,jiè,to borrow / lend,3
verb,88,还,還,huán,to return (something),3
verb,89,付,付,fù,to pay,5
verb,90,花,花,huā,to spend (money),3
verb,91,赚,賺,zhuàn,to earn,5
verb,92,省,省,shěng,to save (money),5
verb,93,发生,發生,fāshēng,to happen / occur,4
verb,94,出现,出現,chūxiàn,to appear,4
verb,95,消失,消失,xiāoshī,to disappear,5
verb,96,成为,成為,chéngwéi,to become,5
verb,97,变,變,biàn,to change,4
verb,98,变化,變化,biànhuà,to change / vary,5
verb,99,进,進,jìn,to enter,2
verb,100,进来,進來,jìnlái,to come in,2
verb,101,进去,進去,jìnqù,to go in,2
verb,102,出,出,chū,to exit / go out,2
verb,103,出去,出去,chūqù,to go out,2
verb,104,上,上,shàng,to go up / attend,1
verb,105,下,下,xià,to descend / get off,1
verb,106,过,過,guò,to pass / spend (time),2
verb,107,经过,經過,jīngguò,to pass through,4
verb,108,路过,路過,lùguò,to pass by,5
verb,109,到达,到達,dàodá,to arrive at,4
verb,110,离,離,lí,to be away from,2
verb,111,飞,飛,fēi,to fly,3
verb,112,骑,騎,qí,to ride (bike/horse),3
verb,113,开车,開車,kāichē,to drive a car,3
verb,114,停,停,tíng,to stop / park,4
verb,115,坐车,坐車,zuòchē,to ride (vehicle),2
verb,116,坐飞机,坐飛機,zuò fēijī,to fly (as passenger),2
verb,117,旅游,旅遊,lǚyóu,to travel / tour,3
verb,118,旅行,旅行,lǚxíng,to travel,3
verb,119,搬,搬,bān,to move / relocate,4
verb,120,搬家,搬家,bānjiā,to move house,4
verb,121,住,住,zhù,to live / reside,1
verb,122,生活,生活,shēnghuó,to live,3
verb,123,工作,工作,gōngzuò,to work,1
verb,124,上班,上班,shàngbān,to go to work,2
verb,125,下班,下班,xiàbān,to get off work,2
verb,126,上课,上課,shàngkè,to attend class,2
verb,127,下课,下課,xiàkè,to finish class,2
verb,128,上学,上學,shàngxué,to go to school,2
verb,129,放假,放假,fàngjià,to have vacation,4
verb,130,休息,休息,xiūxi,to rest,2
verb,131,锻炼,鍛煉,duànliàn,to exercise,4
verb,132,运动,運動,yùndòng,to exercise,2
verb,133,比赛,比賽,bǐsài,to compete,3
verb,134,赢,贏,yíng,to win,5
verb,135,输,輸,shū,to lose,5
verb,136,练习,練習,liànxí,to practice,3
verb,137,准备,準備,zhǔnbèi,to prepare,2
verb,138,完成,完成,wánchéng,to complete,4
verb,139,结束,結束,jiéshù,to end / finish,4
verb,140,开始,開始,kāishǐ,to begin / start,2
verb,141,继续,繼續,jìxù,to continue,4
verb,142,停止,停止,tíngzhǐ,to stop / cease,5
verb,143,尝试,嘗試,chángshì,to try / attempt,5
verb,144,试,試,shì,to try / test,3
verb,145,成功,成功,chénggōng,to succeed,4
verb,146,失败,失敗,shībài,to fail,4
verb,147,放弃,放棄,fàngqì,to give up,5
verb,148,坚持,堅持,jiānchí,to persist,4
verb,149,努力,努力,nǔlì,to work hard,3
verb,150,加油,加油,jiāyóu,to cheer on / refuel,3
verb,151,表示,表示,biǎoshì,to express / indicate,4
verb,152,表达,表達,biǎodá,to express,5
verb,153,表演,表演,biǎoyǎn,to perform,4
verb,154,演,演,yǎn,to perform / act,5
verb,155,表现,表現,biǎoxiàn,to perform / show,5
verb,156,发表,發表,fābiǎo,to publish / issue,5
verb,157,发展,發展,fāzhǎn,to develop,4
verb,158,发现,發現,fāxiàn,to discover,3
verb,159,发明,發明,fāmíng,to invent,5
verb,160,创造,創造,chuàngzào,to create,5
verb,161,生产,生產,shēngchǎn,to produce,5
verb,162,制造,製造,zhìzào,to manufacture,5
verb,163,建,建,jiàn,to build / construct,4
verb,164,建筑,建築,jiànzhù,to build (architecture),5
verb,165,修,修,xiū,to repair / build,5
verb,166,修理,修理,xiūlǐ,to repair,5
verb,167,破坏,破壞,pòhuài,to destroy / damage,5
verb,168,坏,壞,huài,to spoil / go bad,3
verb,169,死,死,sǐ,to die,4
verb,170,活,活,huó,to live / be alive,4
verb,171,生,生,shēng,to give birth / grow / raw,4
verb,172,长,長,zhǎng,to grow / develop,3
verb,173,长大,長大,zhǎngdà,to grow up,2
verb,174,生长,生長,shēngzhǎng,to grow (plants/things),6
verb,175,增加,增加,zēngjiā,to increase,4
verb,176,减少,減少,jiǎnshǎo,to decrease,4
verb,177,提高,提高,tígāo,to raise / improve,4
verb,178,降低,降低,jiàngdī,to lower / reduce,5
verb,179,增长,增長,zēngzhǎng,to grow / increase,5
verb,180,扩大,擴大,kuòdà,to expand,5
verb,181,缩小,縮小,suōxiǎo,to shrink / reduce,6
verb,182,改变,改變,gǎibiàn,to change / alter,3
verb,183,改,改,gǎi,to change / correct,5
verb,184,改善,改善,gǎishàn,to improve,5
verb,185,改进,改進,gǎijìn,to improve,5
verb,186,改革,改革,gǎigé,to reform,6
verb,187,修改,修改,xiūgǎi,to revise / modify,5
verb,188,影响,影響,yǐngxiǎng,to influence / affect,4
verb,189,受,受,shòu,to receive / endure,4
verb,190,接受,接受,jiēshòu,to accept,4
verb,191,拒绝,拒絕,jùjué,to refuse / reject,4
verb,192,同意,同意,tóngyì,to agree,3
verb,193,反对,反對,fǎnduì,to oppose,4
verb,194,支持,支持,zhīchí,to support,4
verb,195,赞成,贊成,zànchéng,to approve of,6
verb,196,批评,批評,pīpíng,to criticize,4
verb,197,称赞,稱讚,chēngzàn,to praise,6
verb,198,表扬,表揚,biǎoyáng,to praise / commend,5
verb,199,鼓励,鼓勵,gǔlì,to encourage,4
verb,200,提醒,提醒,tíxǐng,to remind / warn,4
verb,201,提出,提出,tíchū,to propose / raise,4
verb,202,提,提,tí,to lift / raise / mention,4
verb,203,举,舉,jǔ,to lift / raise,5
verb,204,举行,舉行,jǔxíng,to hold (event),4
verb,205,举办,舉辦,jǔbàn,to host / hold (event),5
verb,206,召开,召開,zhàokāi,to convene (meeting),6
verb,207,参与,參與,cānyù,to take part in,5
verb,208,加入,加入,jiārù,to join,4
verb,209,退出,退出,tuìchū,to withdraw / quit,5
verb,210,退,退,tuì,to retreat / return,5
verb,211,邀请,邀請,yāoqǐng,to invite,4
verb,212,欢迎,歡迎,huānyíng,to welcome,2
verb,213,拜访,拜訪,bàifǎng,to pay a visit,6
verb,214,访问,訪問,fǎngwèn,to visit / interview,5
verb,215,接待,接待,jiēdài,to receive (guests),5
verb,216,招待,招待,zhāodài,to entertain / receive,5
verb,217,陪,陪,péi,to accompany,4
verb,218,跟,跟,gēn,to follow / with,3
verb,219,跟随,跟隨,gēnsuí,to follow,6
verb,220,追,追,zhuī,to chase,5
verb,221,赶,趕,gǎn,to catch up / hurry,4
verb,222,赶紧,趕緊,gǎnjǐn,to hurry,5
verb,223,赶到,趕到,gǎndào,to rush to,4
verb,224,离开,離開,líkāi,to depart,3
verb,225,到达,到達,dàodá,to arrive,4
verb,226,经过,經過,jīngguò,to go through,4
verb,227,通过,通過,tōngguò,to pass through / via,4
verb,228,穿过,穿過,chuānguò,to cross / pass through,5
verb,229,跨,跨,kuà,to step across,6
verb,230,越过,越過,yuèguò,to cross over,6
verb,231,绕,繞,rào,to go around,5
verb,232,弯,彎,wān,to bend / curve,6
verb,233,转,轉,zhuǎn,to turn / transfer,4
verb,234,拐,拐,guǎi,to turn / limp,5
verb,235,翻,翻,fān,to turn over / flip,5
verb,236,翻译,翻譯,fānyì,to translate,4
verb,237,说明,說明,shuōmíng,to explain / instruct,3
verb,238,表示,表示,biǎoshì,to indicate,4
verb,239,显示,顯示,xiǎnshì,to display / show,5
verb,240,表明,表明,biǎomíng,to state clearly,5
verb,241,证明,證明,zhèngmíng,to prove,4
verb,242,肯定,肯定,kěndìng,to affirm / be sure,4
verb,243,确定,確定,quèdìng,to confirm / be certain,4
verb,244,否定,否定,fǒudìng,to negate / deny,5
verb,245,否认,否認,fǒurèn,to deny,5
verb,246,怀疑,懷疑,huáiyí,to doubt / suspect,4
verb,247,相信,相信,xiāngxìn,to believe,3
verb,248,信,信,xìn,to believe / trust,3
verb,249,误会,誤會,wùhuì,to misunderstand,5
verb,250,原谅,原諒,yuánliàng,to forgive,4
verb,251,道歉,道歉,dàoqiàn,to apologize,4
verb,252,感谢,感謝,gǎnxiè,to thank,4
verb,253,感激,感激,gǎnjī,to be grateful,6
verb,254,感动,感動,gǎndòng,to move / touch (emotionally),4
verb,255,感觉,感覺,gǎnjué,to feel,3
verb,256,感受,感受,gǎnshòu,to sense / feel,5
verb,257,害怕,害怕,hàipà,to be afraid,3
verb,258,担心,擔心,dānxīn,to worry,3
verb,259,紧张,緊張,jǐnzhāng,to be nervous,4
verb,260,放心,放心,fàngxīn,to feel at ease,4
verb,261,生气,生氣,shēngqì,to get angry,3
verb,262,发脾气,發脾氣,fā píqi,to lose temper,5
verb,263,惊讶,驚訝,jīngyà,to be surprised,5
verb,264,兴奋,興奮,xīngfèn,to be excited,5
verb,265,难过,難過,nánguò,to feel sad,4
verb,266,失望,失望,shīwàng,to be disappointed,4
verb,267,伤心,傷心,shāngxīn,to be brokenhearted,4
verb,268,后悔,後悔,hòuhuǐ,to regret,4
verb,269,羡慕,羨慕,xiànmù,to envy / admire,5
verb,270,嫉妒,嫉妒,jídù,to be jealous,6
verb,271,讨厌,討厭,tǎoyàn,to dislike / hate,4
verb,272,恨,恨,hèn,to hate,5
verb,273,担任,擔任,dānrèn,to hold post / serve as,5
verb,274,负责,負責,fùzé,to be responsible for,4
verb,275,管理,管理,guǎnlǐ,to manage,4
verb,276,控制,控制,kòngzhì,to control,5
verb,277,指挥,指揮,zhǐhuī,to command / conduct,6
verb,278,命令,命令,mìnglìng,to order / command,5
verb,279,要求,要求,yāoqiú,to require / demand,3
verb,280,请求,請求,qǐngqiú,to request,5
verb,281,请,請,qǐng,to ask / invite / please,1
verb,282,允许,允許,yǔnxǔ,to allow / permit,4
verb,283,同意,同意,tóngyì,to consent,3
verb,284,答应,答應,dāying,to agree / promise,5
verb,285,答,答,dá,to answer,3
verb,286,保证,保證,bǎozhèng,to guarantee,4
verb,287,承诺,承諾,chéngnuò,to promise,6
verb,288,承认,承認,chéngrèn,to admit / acknowledge,5
verb,289,发誓,發誓,fāshì,to swear / vow,6
verb,290,赌,賭,dǔ,to gamble / bet,6
verb,291,保护,保護,bǎohù,to protect,4
verb,292,保存,保存,bǎocún,to preserve / save,5
verb,293,保持,保持,bǎochí,to keep / maintain,4
verb,294,保留,保留,bǎoliú,to reserve / retain,5
verb,295,留,留,liú,to keep / stay,4
verb,296,留下,留下,liúxià,to leave behind,4
verb,297,剩,剩,shèng,to remain / be left over,5
verb,298,丢,丟,diū,to lose / throw,4
verb,299,丢失,丟失,diūshī,to lose (something),6
verb,300,失去,失去,shīqù,to lose,5
verb,301,找到,找到,zhǎodào,to find,2
verb,302,发现,發現,fāxiàn,to discover,3
verb,303,寻找,尋找,xúnzhǎo,to seek / search,5
verb,304,搜索,搜索,sōusuǒ,to search,6
verb,305,检查,檢查,jiǎnchá,to check / inspect,3
verb,306,检验,檢驗,jiǎnyàn,to inspect / test,6
verb,307,调查,調查,diàochá,to investigate / survey,4
verb,308,研究,研究,yánjiū,to research,4
verb,309,分析,分析,fēnxī,to analyze,5
verb,310,观察,觀察,guānchá,to observe,5
verb,311,注意,注意,zhùyì,to pay attention,3
verb,312,集中,集中,jízhōng,to concentrate / gather,5
verb,313,思考,思考,sīkǎo,to think deeply,5
verb,314,考虑,考慮,kǎolǜ,to consider,4
verb,315,讨论,討論,tǎolùn,to discuss,4
verb,316,商量,商量,shāngliang,to discuss / consult,4
verb,317,聊天,聊天,liáotiān,to chat,3
verb,318,交流,交流,jiāoliú,to communicate,4
verb,319,沟通,溝通,gōutōng,to communicate,5
verb,320,交,交,jiāo,to hand in / cross,4
verb,321,交往,交往,jiāowǎng,to associate with,5
verb,322,交给,交給,jiāogěi,to hand over to,4
verb,323,赠,贈,zèng,to give (as gift),6
verb,324,送给,送給,sòng gěi,to give (as gift),2
verb,325,扔,扔,rēng,to throw,4
verb,326,摔,摔,shuāi,to fall / drop,5
verb,327,砸,砸,zá,to smash,6
verb,328,撕,撕,sī,to tear,6
verb,329,折,折,zhé,to fold / break,5
verb,330,剪,剪,jiǎn,to cut with scissors,5
verb,331,切,切,qiē,to cut / slice,5
verb,332,砍,砍,kǎn,to chop,6
verb,333,挖,挖,wā,to dig,6
verb,334,推,推,tuī,to push,4
verb,335,拉,拉,lā,to pull,4
verb,336,抓,抓,zhuā,to grab / catch,5
verb,337,握,握,wò,to hold / grasp,6
verb,338,捏,捏,niē,to pinch,6
verb,339,抱,抱,bào,to hug / embrace,4
verb,340,吻,吻,wěn,to kiss,6
verb,341,亲,親,qīn,to kiss / be close to,5
verb,342,打,打,dǎ,to hit / play,1
verb,343,打架,打架,dǎjià,to fight (physical),5
verb,344,吵架,吵架,chǎojià,to argue / quarrel,5
verb,345,吵,吵,chǎo,to be noisy / argue,5
verb,346,骂,罵,mà,to scold / curse,5
verb,347,咬,咬,yǎo,to bite,5
verb,348,踢,踢,tī,to kick,5
verb,349,打扫,打掃,dǎsǎo,to clean / sweep,3
verb,350,扫,掃,sǎo,to sweep,4
verb,351,擦,擦,cā,to wipe,4
verb,352,清理,清理,qīnglǐ,to clean up / clear,6
verb,353,整理,整理,zhěnglǐ,to arrange / tidy,4
verb,354,收拾,收拾,shōushi,to tidy up / pack,5
verb,355,整,整,zhěng,to arrange / whole,5
verb,356,排,排,pái,to arrange in row,4
verb,357,排列,排列,páiliè,to arrange in order,6
verb,358,摆放,擺放,bǎifàng,to arrange / place,6
verb,359,列出,列出,lièchū,to list out,6
verb,360,分,分,fēn,to divide / minute,3
verb,361,分开,分開,fēnkāi,to separate,4
verb,362,分类,分類,fēnlèi,to classify,5
verb,363,分组,分組,fēnzǔ,to divide into groups,6
verb,364,合,合,hé,to combine / close,5
verb,365,合并,合併,hébìng,to merge,6
verb,366,结合,結合,jiéhé,to combine / integrate,5
verb,367,加,加,jiā,to add / plus,3
verb,368,增加,增加,zēngjiā,to increase,4
verb,369,加上,加上,jiāshàng,to add on / plus,4
verb,370,减,減,jiǎn,to subtract / reduce,5
verb,371,除,除,chú,to remove / divide,5
verb,372,乘,乘,chéng,to multiply / ride,5
verb,373,算,算,suàn,to calculate / consider,3
verb,374,计算,計算,jìsuàn,to calculate,4
verb,375,数,數,shǔ,to count,3
verb,376,称,稱,chēng,to weigh / call,5
verb,377,量,量,liáng,to measure,5
verb,378,测量,測量,cèliáng,to measure / survey,6
verb,379,比较,比較,bǐjiào,to compare,3
verb,380,比,比,bǐ,to compare / than,2
verb,381,对比,對比,duìbǐ,to contrast / compare,6
verb,382,区别,區別,qūbié,to distinguish,5
verb,383,分别,分別,fēnbié,to differentiate / separately,5
verb,384,平,平,píng,to level / flat,5
verb,385,倒,倒,dào,to pour / invert / fall,4
verb,386,洒,灑,sǎ,to sprinkle / spill,6
verb,387,流,流,liú,to flow,5
verb,388,滴,滴,dī,to drip,6
verb,389,泡,泡,pào,to soak / steep,5
verb,390,煮,煮,zhǔ,to boil / cook,5
verb,391,炒,炒,chǎo,to stir-fry,5
verb,392,炸,炸,zhá,to deep-fry / explode,6
verb,393,烤,烤,kǎo,to bake / grill,4
verb,394,蒸,蒸,zhēng,to steam,6
verb,395,煎,煎,jiān,to pan-fry,6
verb,396,烧,燒,shāo,to burn / cook,4
verb,397,尝,嘗,cháng,to taste,5
verb,398,咀嚼,咀嚼,jǔjué,to chew,6
verb,399,吞,吞,tūn,to swallow,6
verb,400,消化,消化,xiāohuà,to digest,6
verb,401,呼吸,呼吸,hūxī,to breathe,5
verb,402,咳嗽,咳嗽,késòu,to cough,4
verb,403,打喷嚏,打噴嚏,dǎ pēntì,to sneeze,6
verb,404,打呼噜,打呼嚕,dǎ hūlū,to snore,6
verb,405,醒,醒,xǐng,to wake up,4
verb,406,醒来,醒來,xǐnglái,to wake up,4
verb,407,困,困,kùn,to be sleepy / trap,4
verb,408,累,累,lèi,to be tired,2
verb,409,疲劳,疲勞,píláo,to be fatigued,6
verb,410,休假,休假,xiūjià,to take vacation,6
verb,411,请假,請假,qǐngjià,to ask for leave,4
verb,412,放松,放鬆,fàngsōng,to relax,5
verb,413,紧,緊,jǐn,to tighten,4
verb,414,松,鬆,sōng,to loosen,5
verb,415,捆,捆,kǔn,to bind / tie,6
verb,416,系,繫,jì,to tie / fasten,5
verb,417,解,解,jiě,to untie / solve,4
verb,418,解开,解開,jiěkāi,to untie / unfasten,5
verb,419,解决,解決,jiějué,to solve / resolve,3
verb,420,处理,處理,chǔlǐ,to handle / deal with,5
verb,421,对付,對付,duìfù,to deal with / cope,6
verb,422,面对,面對,miànduì,to face / confront,5
verb,423,躲,躲,duǒ,to hide / avoid,5
verb,424,躲藏,躲藏,duǒcáng,to hide (oneself),6
verb,425,隐藏,隱藏,yǐncáng,to hide / conceal,6
verb,426,藏,藏,cáng,to hide,5
verb,427,露,露,lù,to reveal / expose,5
verb,428,暴露,暴露,bàolù,to expose,6
verb,429,展开,展開,zhǎnkāi,to unfold / launch,6
verb,430,展示,展示,zhǎnshì,to display / show,5
verb,431,介绍,介紹,jièshào,to introduce,2
verb,432,推荐,推薦,tuījiàn,to recommend,5
verb,433,推销,推銷,tuīxiāo,to promote / market,6
verb,434,宣传,宣傳,xuānchuán,to publicize / propagate,5
verb,435,宣布,宣布,xuānbù,to announce,5
verb,436,公布,公佈,gōngbù,to make public,6
verb,437,公开,公開,gōngkāi,to make public / open,5
verb,438,发布,發佈,fābù,to release / publish,6
verb,439,出版,出版,chūbǎn,to publish,5
verb,440,印刷,印刷,yìnshuā,to print,6
verb,441,印,印,yìn,to print / stamp,5
verb,442,复印,複印,fùyìn,to photocopy,5
verb,443,扫描,掃描,sǎomiáo,to scan,6
verb,444,下载,下載,xiàzài,to download,5
verb,445,上传,上傳,shàngchuán,to upload,6
verb,446,登录,登錄,dēnglù,to log in,6
verb,447,注册,註冊,zhùcè,to register / sign up,5
verb,448,点击,點擊,diǎnjī,to click,6
verb,449,发送,發送,fāsòng,to send / transmit,6
verb,450,收到,收到,shōudào,to receive,4
verb,451,回复,回覆,huífù,to reply,6
verb,452,联系,聯繫,liánxì,to contact,4
verb,453,联络,聯絡,liánluò,to contact / liaise,6
verb,454,拨打,撥打,bōdǎ,to dial (phone),6
verb,455,挂断,掛斷,guàduàn,to hang up (phone),6
verb,456,赞,讚,zàn,to praise / like,5
verb,457,称呼,稱呼,chēnghu,to call / address,5
verb,458,提名,提名,tímíng,to nominate,6
verb,459,推举,推舉,tuījǔ,to elect,6
verb,460,投票,投票,tóupiào,to vote,5
verb,461,选举,選舉,xuǎnjǔ,to elect,5
verb,462,竞争,競爭,jìngzhēng,to compete,5
verb,463,竞选,競選,jìngxuǎn,to run for election,6
verb,464,获得,獲得,huòdé,to obtain / achieve,4
verb,465,得到,得到,dédào,to get / obtain,4
verb,466,得,得,dé,to get,2
verb,467,赢得,贏得,yíngdé,to win / gain,5
verb,468,获奖,獲獎,huòjiǎng,to win a prize,6
verb,469,发奖,發獎,fājiǎng,to give award,6
verb,470,授予,授予,shòuyǔ,to bestow / confer,6
verb,471,颁发,頒發,bānfā,to award / issue,6
verb,472,奖励,獎勵,jiǎnglì,to reward,5
verb,473,惩罚,懲罰,chéngfá,to punish,5
verb,474,处罚,處罰,chǔfá,to penalize / punish,6
verb,475,罚,罰,fá,to penalize / fine,4
verb,476,罚款,罰款,fákuǎn,to impose a fine,5
verb,477,赔,賠,péi,to compensate / lose,5
verb,478,赔偿,賠償,péicháng,to compensate,6
verb,479,补偿,補償,bǔcháng,to compensate / make up,6
verb,480,退款,退款,tuìkuǎn,to refund,6
verb,481,投诉,投訴,tóusù,to complain formally,6
verb,482,抱怨,抱怨,bàoyuàn,to complain,5
verb,483,反映,反映,fǎnyìng,to reflect / report,5
verb,484,反应,反應,fǎnyìng,to react / respond,5
verb,485,反抗,反抗,fǎnkàng,to resist / revolt,6
verb,486,抵抗,抵抗,dǐkàng,to resist,6
verb,487,斗争,鬥爭,dòuzhēng,to struggle / fight,6
verb,488,战斗,戰鬥,zhàndòu,to battle / fight,6
verb,489,打仗,打仗,dǎzhàng,to wage war,6
verb,490,征服,征服,zhēngfú,to conquer,6
verb,491,投降,投降,tóuxiáng,to surrender,6
verb,492,撤退,撤退,chètuì,to retreat,6
verb,493,和解,和解,héjiě,to reconcile,6
verb,494,和好,和好,héhǎo,to make up,6
verb,495,道别,道別,dàobié,to bid farewell,6
verb,496,告别,告別,gàobié,to say goodbye,5
verb,497,欢送,歡送,huānsòng,to see off (with warmth),6
verb,498,迎接,迎接,yíngjiē,to welcome / meet,5
verb,499,庆祝,慶祝,qìngzhù,to celebrate,5
verb,500,纪念,紀念,jìniàn,to commemorate,5
adjective,1,大,大,dà,big / large,1
adjective,2,小,小,xiǎo,small,1
adjective,3,多,多,duō,many / much,1
adjective,4,少,少,shǎo,few / little,1
adjective,5,好,好,hǎo,good,1
adjective,6,坏,壞,huài,bad / broken,3
adjective,7,新,新,xīn,new,2
adjective,8,旧,舊,jiù,old (used),3
adjective,9,老,老,lǎo,old (aged) / experienced,3
adjective,10,年轻,年輕,niánqīng,young,3
adjective,11,高,高,gāo,tall / high,2
adjective,12,矮,矮,ǎi,short (height),3
adjective,13,长,長,cháng,long,2
adjective,14,短,短,duǎn,short (length),3
adjective,15,胖,胖,pàng,fat,3
adjective,16,瘦,瘦,shòu,thin (person),3
adjective,17,厚,厚,hòu,thick,5
adjective,18,薄,薄,báo,thin (object),5
adjective,19,宽,寬,kuān,wide,5
adjective,20,窄,窄,zhǎi,narrow,6
adjective,21,重,重,zhòng,heavy,4
adjective,22,轻,輕,qīng,light (weight),4
adjective,23,快,快,kuài,fast / quick,2
adjective,24,慢,慢,màn,slow,2
adjective,25,早,早,zǎo,early,2
adjective,26,晚,晚,wǎn,late,2
adjective,27,远,遠,yuǎn,far,2
adjective,28,近,近,jìn,near / close,2
adjective,29,热,熱,rè,hot,1
adjective,30,冷,冷,lěng,cold,1
adjective,31,暖和,暖和,nuǎnhuo,warm,4
adjective,32,凉快,涼快,liángkuai,cool / pleasantly cold,4
adjective,33,干,乾,gān,dry,4
adjective,34,湿,濕,shī,wet,5
adjective,35,满,滿,mǎn,full,4
adjective,36,空,空,kōng,empty,4
adjective,37,硬,硬,yìng,hard / firm,5
adjective,38,软,軟,ruǎn,soft,4
adjective,39,紧,緊,jǐn,tight,4
adjective,40,松,鬆,sōng,loose,5
adjective,41,干净,乾淨,gānjìng,clean,3
adjective,42,脏,髒,zāng,dirty,4
adjective,43,整齐,整齊,zhěngqí,neat / tidy,5
adjective,44,乱,亂,luàn,messy / chaotic,4
adjective,45,对,對,duì,correct / right,2
adjective,46,错,錯,cuò,wrong / incorrect,2
adjective,47,真,真,zhēn,true / real,2
adjective,48,假,假,jiǎ,false / fake,4
adjective,49,准确,準確,zhǔnquè,accurate / precise,5
adjective,50,模糊,模糊,móhu,vague / blurry,6
adjective,51,忙,忙,máng,busy,2
adjective,52,闲,閒,xián,idle / leisurely,5
adjective,53,累,累,lèi,tired,2
adjective,54,困,困,kùn,sleepy,4
adjective,55,饿,餓,è,hungry,3
adjective,56,渴,渴,kě,thirsty,3
adjective,57,饱,飽,bǎo,full (from eating),3
adjective,58,疼,疼,téng,painful / achy,3
adjective,59,痛,痛,tòng,painful / sore,5
adjective,60,舒服,舒服,shūfu,comfortable,3
adjective,61,难受,難受,nánshòu,uncomfortable / feeling bad,5
adjective,62,方便,方便,fāngbiàn,convenient,3
adjective,63,麻烦,麻煩,máfan,troublesome,4
adjective,64,容易,容易,róngyì,easy,3
adjective,65,难,難,nán,difficult,3
adjective,66,简单,簡單,jiǎndān,simple,3
adjective,67,复杂,複雜,fùzá,complex / complicated,4
adjective,68,清楚,清楚,qīngchu,clear (to understand),3
adjective,69,糊涂,糊塗,hútu,muddled / confused,6
adjective,70,聪明,聰明,cōngming,smart / clever,3
adjective,71,笨,笨,bèn,stupid / dumb,5
adjective,72,蠢,蠢,chǔn,stupid / dull,6
adjective,73,有名,有名,yǒumíng,famous,3
adjective,74,著名,著名,zhùmíng,well-known,5
adjective,75,重要,重要,zhòngyào,important,3
adjective,76,有用,有用,yǒuyòng,useful,4
adjective,77,没用,沒用,méiyòng,useless,4
adjective,78,必要,必要,bìyào,necessary,5
adjective,79,需要,需要,xūyào,needed / required,3
adjective,80,特别,特別,tèbié,special / particular,3
adjective,81,特殊,特殊,tèshū,unusual / special,5
adjective,82,普通,普通,pǔtōng,ordinary / common,4
adjective,83,一般,一般,yìbān,general / ordinary,3
adjective,84,正常,正常,zhèngcháng,normal,4
adjective,85,奇怪,奇怪,qíguài,strange / odd,3
adjective,86,有趣,有趣,yǒuqù,interesting / funny,4
adjective,87,有意思,有意思,yǒu yìsi,interesting,2
adjective,88,无聊,無聊,wúliáo,boring,4
adjective,89,好玩,好玩,hǎowán,fun / amusing,3
adjective,90,好吃,好吃,hǎochī,delicious,2
adjective,91,好喝,好喝,hǎohē,tasty (drink),2
adjective,92,好看,好看,hǎokàn,good-looking,2
adjective,93,好听,好聽,hǎotīng,nice-sounding,2
adjective,94,难吃,難吃,nánchī,bad-tasting,4
adjective,95,难看,難看,nánkàn,ugly,4
adjective,96,难听,難聽,nántīng,unpleasant-sounding,4
adjective,97,漂亮,漂亮,piàoliang,pretty / beautiful,1
adjective,98,美,美,měi,beautiful,3
adjective,99,美丽,美麗,měilì,beautiful,4
adjective,100,帅,帥,shuài,handsome / cool,3
adjective,101,丑,醜,chǒu,ugly,5
adjective,102,可爱,可愛,kě'ài,cute / lovable,3
adjective,103,酷,酷,kù,cool (slang),5
adjective,104,时尚,時尚,shíshàng,fashionable,6
adjective,105,流行,流行,liúxíng,popular / trendy,4
adjective,106,传统,傳統,chuántǒng,traditional,5
adjective,107,现代,現代,xiàndài,modern,5
adjective,108,古老,古老,gǔlǎo,ancient,6
adjective,109,古代,古代,gǔdài,ancient (period),5
adjective,110,崭新,嶄新,zhǎnxīn,brand-new,6
adjective,111,陈旧,陳舊,chénjiù,outdated / old,6
adjective,112,过时,過時,guòshí,out-of-date,6
adjective,113,先进,先進,xiānjìn,advanced,5
adjective,114,落后,落後,luòhòu,backward / behind,5
adjective,115,发达,發達,fādá,developed,5
adjective,116,贫穷,貧窮,pínqióng,poor / impoverished,6
adjective,117,富有,富有,fùyǒu,rich / wealthy,6
adjective,118,富,富,fù,rich,5
adjective,119,穷,窮,qióng,poor,4
adjective,120,有钱,有錢,yǒuqián,rich (having money),3
adjective,121,贵,貴,guì,expensive / precious,2
adjective,122,便宜,便宜,piányi,cheap / inexpensive,2
adjective,123,免费,免費,miǎnfèi,free of charge,4
adjective,124,值得,值得,zhíde,worth / worthwhile,4
adjective,125,值,值,zhí,worth / value,5
adjective,126,珍贵,珍貴,zhēnguì,precious / valuable,6
adjective,127,宝贵,寶貴,bǎoguì,valuable / precious,5
adjective,128,普遍,普遍,pǔbiàn,universal / widespread,5
adjective,129,罕见,罕見,hǎnjiàn,rare / seldom seen,6
adjective,130,常见,常見,chángjiàn,common / frequent,5
adjective,131,独特,獨特,dútè,unique / distinctive,5
adjective,132,独立,獨立,dúlì,independent,5
adjective,133,统一,統一,tǒngyī,unified / uniform,5
adjective,134,分开,分開,fēnkāi,separate / apart,4
adjective,135,完整,完整,wánzhěng,complete / whole,5
adjective,136,完美,完美,wánměi,perfect,5
adjective,137,完全,完全,wánquán,complete / total,4
adjective,138,彻底,徹底,chèdǐ,thorough / complete,5
adjective,139,深,深,shēn,deep,4
adjective,140,浅,淺,qiǎn,shallow,5
adjective,141,平,平,píng,flat / even,5
adjective,142,平坦,平坦,píngtǎn,smooth / flat,6
adjective,143,陡,陡,dǒu,steep,6
adjective,144,圆,圓,yuán,round / circular,5
adjective,145,方,方,fāng,square,5
adjective,146,弯,彎,wān,curved / bent,6
adjective,147,直,直,zhí,straight,4
adjective,148,斜,斜,xié,slanted / oblique,6
adjective,149,正,正,zhèng,straight / upright,4
adjective,150,歪,歪,wāi,crooked,6
adjective,151,尖,尖,jiān,sharp / pointed,5
adjective,152,钝,鈍,dùn,blunt / dull,6
adjective,153,锋利,鋒利,fēnglì,sharp (blade),6
adjective,154,光滑,光滑,guānghuá,smooth / glossy,6
adjective,155,粗糙,粗糙,cūcāo,rough / coarse,6
adjective,156,粗,粗,cū,thick / coarse,5
adjective,157,细,細,xì,fine / thin,4
adjective,158,细致,細致,xìzhì,meticulous,6
adjective,159,坚固,堅固,jiāngù,sturdy / solid,6
adjective,160,结实,結實,jiēshi,sturdy / strong,6
adjective,161,脆,脆,cuì,crispy / brittle,6
adjective,162,柔软,柔軟,róuruǎn,soft / gentle,6
adjective,163,弹性,彈性,tánxìng,elastic (adj/n),6
adjective,164,有弹性,有彈性,yǒu tánxìng,elastic / flexible,6
adjective,165,平静,平靜,píngjìng,calm / peaceful,6
adjective,166,宁静,寧靜,níngjìng,peaceful / quiet,6
adjective,167,安静,安靜,ānjìng,quiet,3
adjective,168,吵闹,吵鬧,chǎonào,noisy,6
adjective,169,热闹,熱鬧,rènao,lively / bustling,4
adjective,170,繁华,繁華,fánhuá,flourishing / bustling,6
adjective,171,荒凉,荒涼,huāngliáng,desolate,6
adjective,172,空旷,空曠,kōngkuàng,spacious / empty,6
adjective,173,拥挤,擁擠,yōngjǐ,crowded,5
adjective,174,宽敞,寬敞,kuānchang,spacious / roomy,6
adjective,175,紧张,緊張,jǐnzhāng,tense / nervous,4
adjective,176,放松,放鬆,fàngsōng,relaxed,5
adjective,177,轻松,輕鬆,qīngsōng,relaxed / light,4
adjective,178,沉重,沉重,chénzhòng,heavy / grave,6
adjective,179,勇敢,勇敢,yǒnggǎn,brave,4
adjective,180,胆小,膽小,dǎnxiǎo,timid / cowardly,6
adjective,181,害羞,害羞,hàixiū,shy,5
adjective,182,外向,外向,wàixiàng,extroverted,6
adjective,183,内向,內向,nèixiàng,introverted,6
adjective,184,开朗,開朗,kāilǎng,cheerful / open,6
adjective,185,活泼,活潑,huópō,lively / vivacious,5
adjective,186,温柔,溫柔,wēnróu,gentle / tender,5
adjective,187,温和,溫和,wēnhé,mild / gentle,5
adjective,188,凶,兇,xiōng,fierce / vicious,5
adjective,189,凶恶,兇惡,xiōng'è,ferocious,6
adjective,190,残忍,殘忍,cánrěn,cruel,6
adjective,191,善良,善良,shànliáng,kind-hearted,5
adjective,192,和善,和善,héshàn,kindly / genial,6
adjective,193,友好,友好,yǒuhǎo,friendly,4
adjective,194,热情,熱情,rèqíng,enthusiastic / warm,4
adjective,195,冷淡,冷淡,lěngdàn,cold / indifferent,6
adjective,196,冷漠,冷漠,lěngmò,apathetic,6
adjective,197,礼貌,禮貌,lǐmào,polite,4
adjective,198,有礼貌,有禮貌,yǒu lǐmào,polite,4
adjective,199,粗鲁,粗魯,cūlǔ,rude / coarse,6
adjective,200,耐心,耐心,nàixīn,patient,4
adjective,201,耐烦,耐煩,nàifán,patient,6
adjective,202,急,急,jí,impatient / urgent,3
adjective,203,着急,著急,zháojí,anxious / worried,3
adjective,204,焦急,焦急,jiāojí,anxious,6
adjective,205,冷静,冷靜,lěngjìng,calm / cool-headed,5
adjective,206,镇静,鎮靜,zhènjìng,composed / calm,6
adjective,207,激动,激動,jīdòng,excited / stirred,5
adjective,208,兴奋,興奮,xīngfèn,excited,5
adjective,209,愉快,愉快,yúkuài,pleasant / cheerful,4
adjective,210,高兴,高興,gāoxìng,happy / glad,1
adjective,211,开心,開心,kāixīn,happy,3
adjective,212,快乐,快樂,kuàilè,happy / joyful,2
adjective,213,幸福,幸福,xìngfú,happy / blessed,4
adjective,214,满足,滿足,mǎnzú,satisfied / content,5
adjective,215,满意,滿意,mǎnyì,satisfied,4
adjective,216,难过,難過,nánguò,sad / upset,4
adjective,217,伤心,傷心,shāngxīn,sad / heartbroken,4
adjective,218,痛苦,痛苦,tòngkǔ,painful / suffering,5
adjective,219,孤独,孤獨,gūdú,lonely / solitary,6
adjective,220,寂寞,寂寞,jìmò,lonely,5
adjective,221,闷,悶,mèn,stuffy / bored,5
adjective,222,烦,煩,fán,annoyed / vexed,5
adjective,223,烦躁,煩躁,fánzào,irritable,6
adjective,224,愤怒,憤怒,fènnù,furious / angry,6
adjective,225,恼火,惱火,nǎohuǒ,annoyed / irritated,6
adjective,226,平和,平和,pínghé,peaceful / moderate,6
adjective,227,愉悦,愉悅,yúyuè,cheerful / joyful,6
adjective,228,忧郁,憂鬱,yōuyù,melancholic,6
adjective,229,郁闷,鬱悶,yùmèn,depressed / gloomy,6
adjective,230,忧愁,憂愁,yōuchóu,worried / gloomy,6
adjective,231,轻快,輕快,qīngkuài,light and lively,6
adjective,232,骄傲,驕傲,jiāo'ào,proud / arrogant,4
adjective,233,谦虚,謙虛,qiānxū,modest / humble,5
adjective,234,自信,自信,zìxìn,self-confident,5
adjective,235,自卑,自卑,zìbēi,self-abasing / inferior,6
adjective,236,自私,自私,zìsī,selfish,5
adjective,237,无私,無私,wúsī,unselfish / selfless,6
adjective,238,大方,大方,dàfang,generous / natural,5
adjective,239,小气,小氣,xiǎoqi,stingy / petty,6
adjective,240,吝啬,吝嗇,lìnsè,stingy,6
adjective,241,慷慨,慷慨,kāngkǎi,generous / magnanimous,6
adjective,242,大度,大度,dàdù,magnanimous / big-hearted,6
adjective,243,严格,嚴格,yángé,strict / rigorous,4
adjective,244,严厉,嚴厲,yánlì,stern / severe,6
adjective,245,严肃,嚴肅,yánsù,serious / solemn,5
adjective,246,温和 (温和),溫和,wēnhé,moderate / mild,5
adjective,247,宽容,寬容,kuānróng,tolerant / lenient,6
adjective,248,大方 (气度),大方,dàfang,generous / gracious,5
adjective,249,固执,固執,gùzhí,stubborn,6
adjective,250,顽固,頑固,wángù,stubborn / obstinate,6
adjective,251,灵活,靈活,línghuó,flexible / nimble,5
adjective,252,僵硬,僵硬,jiāngyìng,rigid / stiff,6
adjective,253,敏感,敏感,mǐngǎn,sensitive,5
adjective,254,敏锐,敏銳,mǐnruì,keen / sharp,6
adjective,255,迟钝,遲鈍,chídùn,slow-witted / dull,6
adjective,256,敏捷,敏捷,mǐnjié,agile / quick,6
adjective,257,灵敏,靈敏,língmǐn,keen / sensitive,6
adjective,258,熟练,熟練,shúliàn,skilled / proficient,5
adjective,259,熟悉,熟悉,shúxī,familiar,4
adjective,260,生疏,生疏,shēngshū,unfamiliar / rusty,6
adjective,261,陌生,陌生,mòshēng,unfamiliar / strange,5
adjective,262,熟,熟,shú,cooked / ripe / familiar,4
adjective,263,生,生,shēng,raw / unfamiliar / student,3
adjective,264,成熟,成熟,chéngshú,mature / ripe,5
adjective,265,幼稚,幼稚,yòuzhì,childish / immature,6
adjective,266,天真,天真,tiānzhēn,naive / innocent,6
adjective,267,单纯,單純,dānchún,pure / simple,6
adjective,268,纯洁,純潔,chúnjié,pure,6
adjective,269,清洁,清潔,qīngjié,clean / hygienic,6
adjective,270,卫生,衛生,wèishēng,hygienic / sanitary,4
adjective,271,健康,健康,jiànkāng,healthy,3
adjective,272,虚弱,虛弱,xūruò,weak / frail,6
adjective,273,强壮,強壯,qiángzhuàng,strong / robust,6
adjective,274,坚强,堅強,jiānqiáng,strong-willed,5
adjective,275,软弱,軟弱,ruǎnruò,weak / feeble,6
adjective,276,有力,有力,yǒulì,powerful / forceful,5
adjective,277,有效,有效,yǒuxiào,effective,5
adjective,278,无效,無效,wúxiào,invalid / ineffective,6
adjective,279,有益,有益,yǒuyì,beneficial / useful,6
adjective,280,有害,有害,yǒuhài,harmful,6
adjective,281,危险,危險,wēixiǎn,dangerous,4
adjective,282,安全,安全,ānquán,safe,4
adjective,283,可靠,可靠,kěkào,reliable / dependable,5
adjective,284,可信,可信,kěxìn,trustworthy / credible,6
adjective,285,可疑,可疑,kěyí,suspicious / questionable,6
adjective,286,忠实,忠實,zhōngshí,loyal / faithful,6
adjective,287,忠诚,忠誠,zhōngchéng,loyal / faithful,6
adjective,288,背叛,背叛,bèipàn,traitorous,6
adjective,289,诚实,誠實,chéngshí,honest,4
adjective,290,老实,老實,lǎoshi,honest / naive,5
adjective,291,诚恳,誠懇,chéngkěn,sincere / earnest,6
adjective,292,虚伪,虛偽,xūwěi,hypocritical,6
adjective,293,虚假,虛假,xūjiǎ,false / hypocritical,6
adjective,294,真诚,真誠,zhēnchéng,sincere / genuine,6
adjective,295,公正,公正,gōngzhèng,fair / just,6
adjective,296,公平,公平,gōngpíng,fair / impartial,5
adjective,297,不公平,不公平,bù gōngpíng,unfair,5
adjective,298,平等,平等,píngděng,equal / equality,5
adjective,299,不平等,不平等,bù píngděng,unequal,6
adjective,300,合理,合理,hélǐ,reasonable,5
adjective,301,不合理,不合理,bù hélǐ,unreasonable,5
adjective,302,合适,合適,héshì,suitable / appropriate,4
adjective,303,适合,適合,shìhé,suitable for / fitting,4
adjective,304,适当,適當,shìdàng,appropriate,5
adjective,305,恰当,恰當,qiàdàng,proper / apt,6
adjective,306,准时,準時,zhǔnshí,punctual,4
adjective,307,按时,按時,ànshí,on time,5
adjective,308,及时,及時,jíshí,timely / promptly,5
adjective,309,迟到,遲到,chídào,late (in arriving),3
adjective,310,忙碌,忙碌,mánglù,busy / bustling,6
adjective,311,空闲,空閒,kòngxián,free (time),6
adjective,312,有空,有空,yǒu kòng,having free time,3
adjective,313,空,空,kòng,free / vacant,4
adjective,314,有效率,有效率,yǒu xiàolǜ,efficient,5
adjective,315,有条理,有條理,yǒu tiáolǐ,orderly / methodical,6
adjective,316,井井有条,井井有條,jǐngjǐng yǒu tiáo,in perfect order,6
adjective,317,混乱,混亂,hùnluàn,chaotic / disorderly,6
adjective,318,有序,有序,yǒuxù,orderly,6
adjective,319,无序,無序,wúxù,disorderly,6
adjective,320,规律,規律,guīlǜ,regular / rhythmic,6
adjective,321,正规,正規,zhèngguī,regular / formal,6
adjective,322,非正式,非正式,fēi zhèngshì,informal,6
adjective,323,正式,正式,zhèngshì,formal / official,5
adjective,324,认真,認真,rènzhēn,serious / earnest,3
adjective,325,马虎,馬虎,mǎhu,careless / sloppy,6
adjective,326,粗心,粗心,cūxīn,careless,5
adjective,327,细心,細心,xìxīn,careful / attentive,5
adjective,328,仔细,仔細,zǐxì,careful / attentive,4
adjective,329,小心,小心,xiǎoxīn,careful / cautious,3
adjective,330,大胆,大膽,dàdǎn,bold / daring,5
adjective,331,鲁莽,魯莽,lǔmǎng,rash / impetuous,6
adjective,332,谨慎,謹慎,jǐnshèn,cautious / prudent,6
adjective,333,勤奋,勤奮,qínfèn,diligent / hardworking,5
adjective,334,勤劳,勤勞,qínláo,hardworking / industrious,6
adjective,335,懒,懶,lǎn,lazy,4
adjective,336,懒惰,懶惰,lǎnduò,lazy / indolent,6
adjective,337,积极,積極,jījí,positive / active,4
adjective,338,消极,消極,xiāojí,passive / negative,6
adjective,339,活跃,活躍,huóyuè,active / lively,6
adjective,340,被动,被動,bèidòng,passive,6
adjective,341,主动,主動,zhǔdòng,proactive / on one's own initiative,5
adjective,342,主要,主要,zhǔyào,main / primary,4
adjective,343,次要,次要,cìyào,secondary,6
adjective,344,关键,關鍵,guānjiàn,key / crucial,5
adjective,345,核心,核心,héxīn,core / central,5
adjective,346,基本,基本,jīběn,basic / fundamental,4
adjective,347,根本,根本,gēnběn,fundamental / essential,5
adjective,348,初级,初級,chūjí,elementary / beginner,5
adjective,349,高级,高級,gāojí,advanced / senior,4
adjective,350,中级,中級,zhōngjí,intermediate,5
adjective,351,初,初,chū,beginning / initial,5
adjective,352,最终,最終,zuìzhōng,final / ultimate,5
adjective,353,最后,最後,zuìhòu,last / final,3
adjective,354,首先,首先,shǒuxiān,first (adv) / foremost,4
adjective,355,最初,最初,zuìchū,initial / at first,5
adjective,356,初次,初次,chūcì,first time,6
adjective,357,再次,再次,zàicì,once more / again,6
adjective,358,多次,多次,duō cì,many times,5
adjective,359,屡次,屢次,lǚcì,repeatedly / many times,6
adjective,360,经常,經常,jīngcháng,often / frequent,3
adjective,361,常常,常常,chángcháng,often,2
adjective,362,偶尔,偶爾,ǒu'ěr,occasional / occasionally,4
adjective,363,时常,時常,shícháng,often / frequently,6
adjective,364,持续,持續,chíxù,continuous / sustained,5
adjective,365,永久,永久,yǒngjiǔ,permanent,6
adjective,366,暂时,暫時,zànshí,temporary,5
adjective,367,临时,臨時,línshí,temporary / provisional,5
adjective,368,永恒,永恆,yǒnghéng,eternal / everlasting,6
adjective,369,短暂,短暫,duǎnzàn,brief / short-lived,6
adjective,370,长久,長久,chángjiǔ,long-lasting / durable,6
adjective,371,久,久,jiǔ,long (time),3
adjective,372,巨大,巨大,jùdà,huge / enormous,5
adjective,373,庞大,龐大,pángdà,huge / vast,6
adjective,374,微小,微小,wēixiǎo,tiny / minute,6
adjective,375,极,極,jí,extreme / utmost,4
adjective,376,极端,極端,jíduān,extreme,6
adjective,377,正常,正常,zhèngcháng,normal,4
adjective,378,异常,異常,yìcháng,abnormal / unusual,6
adjective,379,均匀,均勻,jūnyún,even / uniform,6
adjective,380,不均,不均,bùjūn,uneven,6
adjective,381,均等,均等,jūnděng,equal / uniform,6
adjective,382,充分,充分,chōngfèn,sufficient / full,5
adjective,383,充足,充足,chōngzú,abundant / ample,6
adjective,384,充实,充實,chōngshí,substantial / rich (life),6
adjective,385,空虚,空虛,kōngxū,hollow / empty (inside),6
adjective,386,丰富,豐富,fēngfù,abundant / rich,4
adjective,387,贫乏,貧乏,pínfá,poor / scanty,6
adjective,388,匮乏,匱乏,kuìfá,deficient / lacking,6
adjective,389,大量,大量,dàliàng,large quantity,4
adjective,390,少量,少量,shǎoliàng,small quantity,5
adjective,391,巨额,巨額,jù'é,huge amount,6
adjective,392,好听 (声),好聽,hǎotīng,melodious,2
adjective,393,响亮,響亮,xiǎngliàng,loud and clear,6
adjective,394,刺耳,刺耳,cì'ěr,harsh (sound),6
adjective,395,柔和,柔和,róuhé,soft / mild,6
adjective,396,刺激,刺激,cìjī,exciting / stimulating,5
adjective,397,平淡,平淡,píngdàn,bland / dull,6
adjective,398,单调,單調,dāndiào,monotonous,6
adjective,399,多样,多樣,duōyàng,diverse / various,6
adjective,400,多变,多變,duōbiàn,changeable,6
adjective,401,稳定,穩定,wěndìng,stable,5
adjective,402,不稳定,不穩定,bù wěndìng,unstable,5
adjective,403,动荡,動盪,dòngdàng,turbulent / unrest,6
adjective,404,平稳,平穩,píngwěn,smooth / steady,6
adjective,405,清晰,清晰,qīngxī,clear / distinct,6
adjective,406,模糊 (清晰),模糊,móhu,vague / indistinct,6
adjective,407,鲜明,鮮明,xiānmíng,distinct / bright,6
adjective,408,鲜艳,鮮豔,xiānyàn,brightly colored,6
adjective,409,暗淡,暗淡,àndàn,dim / gloomy,6
adjective,410,明亮,明亮,míngliàng,bright / well-lit,5
adjective,411,黑暗,黑暗,hēi'àn,dark,5
adjective,412,光明,光明,guāngmíng,bright / promising,6
adjective,413,阴暗,陰暗,yīn'àn,dim / gloomy,6
adjective,414,透明,透明,tòumíng,transparent,5
adjective,415,不透明,不透明,bù tòumíng,opaque,5
adjective,416,清澈,清澈,qīngchè,clear (water),6
adjective,417,浑浊,渾濁,húnzhuó,muddy / turbid,6
adjective,418,污浊,污濁,wūzhuó,polluted / foul,6
adjective,419,新鲜,新鮮,xīnxian,fresh,3
adjective,420,过期,過期,guòqī,expired,6
adjective,421,陈旧 (物),陳舊,chénjiù,outdated,6
adjective,422,腐烂,腐爛,fǔlàn,rotten / decayed,6
adjective,423,变质,變質,biànzhì,spoiled / deteriorated,6
adjective,424,凉,涼,liáng,cool,3
adjective,425,烫,燙,tàng,scalding hot,4
adjective,426,温,溫,wēn,warm / mild,5
adjective,427,酸,酸,suān,sour / acid / sore,4
adjective,428,甜,甜,tián,sweet,3
adjective,429,苦,苦,kǔ,bitter,4
adjective,430,辣,辣,là,spicy hot,4
adjective,431,咸,鹹,xián,salty,4
adjective,432,淡,淡,dàn,bland / light (taste),4
adjective,433,腥,腥,xīng,fishy,6
adjective,434,香,香,xiāng,fragrant / aromatic / tasty,3
adjective,435,臭,臭,chòu,smelly / stinky,5
adjective,436,酥,酥,sū,crispy / flaky,6
adjective,437,嫩,嫩,nèn,tender,6
adjective,438,老 (肉),老,lǎo,tough (meat),3
adjective,439,生 (未熟),生,shēng,raw,3
adjective,440,熟 (煮),熟,shú,cooked / ripe,4
adjective,441,焦,焦,jiāo,burnt / scorched,6
adjective,442,肥,肥,féi,fatty / fertile,5
adjective,443,瘦 (肉),瘦,shòu,lean (meat),3
adjective,444,浓,濃,nóng,thick / dense / strong,5
adjective,445,稀,稀,xī,thin / sparse,6
adjective,446,稠,稠,chóu,thick / dense,6
adjective,447,干燥,乾燥,gānzào,dry / arid,5
adjective,448,潮湿,潮濕,cháoshī,humid / damp,5
adjective,449,闷热,悶熱,mēnrè,muggy / stifling,6
adjective,450,凉爽,涼爽,liángshuǎng,cool and refreshing,6
adjective,451,寒冷,寒冷,hánlěng,cold / frigid,6
adjective,452,酷热,酷熱,kùrè,sweltering,6
adjective,453,温暖,溫暖,wēnnuǎn,warm,5
adjective,454,恶劣,惡劣,èliè,terrible / vile,6
adjective,455,恶心,噁心,ěxīn,nauseating / disgusting,6
adjective,456,讨厌 (adj),討厭,tǎoyàn,annoying / disgusting,4
adjective,457,可怕,可怕,kěpà,frightening / terrible,4
adjective,458,恐怖,恐怖,kǒngbù,terrifying / terror,5
adjective,459,恐惧,恐懼,kǒngjù,fearful,6
adjective,460,害怕 (adj),害怕,hàipà,afraid,3
adjective,461,胆怯,膽怯,dǎnqiè,timid,6
adjective,462,勇猛,勇猛,yǒngměng,brave and fierce,6
adjective,463,英勇,英勇,yīngyǒng,heroic,6
adjective,464,软弱 (人),軟弱,ruǎnruò,weak / feeble,6
adjective,465,强,強,qiáng,strong,3
adjective,466,弱,弱,ruò,weak,4
adjective,467,发展中,發展中,fāzhǎn zhōng,developing (adj),5
adjective,468,先进 (社会),先進,xiānjìn,advanced (social),5
adjective,469,落后 (地区),落後,luòhòu,backward / lagging,5
adjective,470,充满,充滿,chōngmǎn,full of / brimming,5
adjective,471,空洞,空洞,kōngdòng,hollow / empty,6
adjective,472,紧密,緊密,jǐnmì,close / tight,6
adjective,473,疏远,疏遠,shūyuǎn,estranged / distant,6
adjective,474,亲近,親近,qīnjìn,close / intimate,6
adjective,475,亲密,親密,qīnmì,intimate / close,6
adjective,476,陌生 (人),陌生,mòshēng,unfamiliar / strange,5
adjective,477,友善,友善,yǒushàn,friendly / kind,6
adjective,478,敌对,敵對,díduì,hostile / antagonistic,6
adjective,479,和谐,和諧,héxié,harmonious,5
adjective,480,矛盾,矛盾,máodùn,contradictory,5
adjective,481,一致,一致,yízhì,consistent / unanimous,5
adjective,482,不一致,不一致,bù yízhì,inconsistent,5
adjective,483,相同,相同,xiāngtóng,same / identical,4
adjective,484,不同,不同,bùtóng,different,4
adjective,485,类似,類似,lèisì,similar,5
adjective,486,相似,相似,xiāngsì,similar,5
adjective,487,独特 (独),獨特,dútè,unique,5
adjective,488,典型,典型,diǎnxíng,typical,5
adjective,489,经典,經典,jīngdiǎn,classic / classical,5
adjective,490,现实,現實,xiànshí,realistic / real,5
adjective,491,理想,理想,lǐxiǎng,ideal,5
adjective,492,虚幻,虛幻,xūhuàn,illusory / unreal,6
adjective,493,神奇,神奇,shénqí,magical / miraculous,6
adjective,494,神秘,神秘,shénmì,mysterious,6
adjective,495,熟知,熟知,shúzhī,well-known / familiar,6
adjective,496,陌生 (2),陌生,mòshēng,strange / unfamiliar,5
adjective,497,有限,有限,yǒuxiàn,limited / finite,6
adjective,498,无限,無限,wúxiàn,unlimited / infinite,6
adjective,499,绝对,絕對,juéduì,absolute,5
adjective,500,相对,相對,xiāngduì,relative,5
